FirstName,LastName,Team,Position,This Week,Last Week,Difference
Jayden,Daniels,WAS,QB,"$9,100","$8,700",+400
Kedon,Slovis,HOU,QB,"$6,000","$6,000",0
Bo,Nix,DEN,QB,"$6,800","$6,700",+100
Max,Duggan,LAC,QB,"$6,000","$6,000",0
Easton,Stick,LAC,QB,"$6,000","$6,000",0
Sam,Howell,SEA,QB,"$6,000","$6,000",0
Spencer,Rattler,NO,QB,"$7,100","$6,000","+1,100"
Rhys,Plumlee,JAC,QB,"$6,000","$6,000",0
Gavin,Hardison,MIA,QB,"$6,000",-,-
Bryce,Young,CAR,QB,"$6,000","$6,000",0
Anthony,Richardson,IND,QB,"$7,400","$7,300",+100
Michael,Pratt,TB,QB,"$6,000","$6,000",0
Bailey,Zappe,KC,QB,"$6,000",-,-
Andy,Dalton,CAR,QB,"$7,300","$7,100",+200
Tyrod,Taylor,NYJ,QB,"$6,000","$6,000",0
Drake,Maye,NE,QB,"$6,000","$6,000",0
Dresser,Winn,LAR,QB,"$6,000",-,-
Casey,Bauman,LAC,QB,"$6,000","$6,000",0
Peewee,Jarrett,NYJ,QB,"$6,000","$6,000",0
Russell,Wilson,PIT,QB,"$6,400","$6,000",+400
Kirk,Cousins,ATL,QB,"$7,200","$7,400",-200
Case,Keenum,HOU,QB,"$6,000","$6,000",0
Jameis,Winston,CLE,QB,"$6,000","$6,300",-300
Geno,Smith,SEA,QB,"$7,600","$7,900",-300
Nate,Sudfeld,DET,QB,"$6,000","$6,000",0
Trevor,Siemian,TEN,QB,"$6,000",-,-
Marcus,Mariota,WAS,QB,"$6,000","$6,000",0
Jacoby,Brissett,NE,QB,"$6,400","$6,400",0
Jeff,Driskel,WAS,QB,"$6,000","$6,000",0
Nathan,Peterman,ATL,QB,"$6,000","$6,000",0
Brandon,Allen,SF,QB,"$6,000","$6,000",0
Jared,Goff,DET,QB,"$7,800","$7,700",+100
Mitchell,Trubisky,BUF,QB,"$6,000","$6,000",0
Joshua,Dobbs,SF,QB,"$6,000","$6,000",0
Tim,Boyle,MIA,QB,"$6,000",-,-
Mike,White,BUF,QB,"$6,000","$6,000",0
Baker,Mayfield,TB,QB,"$8,300","$7,900",+400
Nick,Mullens,MIN,QB,"$6,000",-,-
Logan,Woodside,CIN,QB,"$6,000","$6,000",0
Derek,Carr,NO,QB,"$7,100","$7,500",-400
Will,Grier,PHI,QB,"$6,000","$6,000",0
Jake,Luton,CAR,QB,"$6,000","$6,000",0
Kyle,Allen,PIT,QB,"$6,000","$6,000",0
Taylor,Heinicke,LAC,QB,"$6,000","$6,000",0
Mason,Rudolph,TEN,QB,"$6,000","$6,600",-600
Alex,McGough,GB,QB,"$6,000","$6,000",0
Jimmy,Garoppolo,LAR,QB,"$6,000",-,-
Deshaun,Watson,CLE,QB,"$6,800","$6,600",+200
John,Wolford,TB,QB,"$6,000","$6,000",0
Trace,McSorley,WAS,QB,"$6,000","$6,000",0
Mahomes,II,KC,QB,"$8,000",-,-
Jake,Browning,CIN,QB,"$6,000","$6,000",0
Jarrett,Stidham,DEN,QB,"$6,000","$6,000",0
Brett,Rypien,MIN,QB,"$6,000",-,-
Minshew,II,LV,QB,"$6,000","$6,500",-500
Josh,Allen,BUF,QB,"$9,200","$9,300",-100
Lamar,Jackson,BAL,QB,"$9,400","$9,500",-100
Joe,Burrow,CIN,QB,"$8,200","$8,100",+100
Ben,DiNucci,BUF,QB,"$6,000","$6,000",0
Kyler,Murray,ARI,QB,"$8,100","$7,800",+300
Daniel,Jones,NYG,QB,"$7,000","$6,800",+200
Sam,Darnold,MIN,QB,"$7,500",-,-
Drew,Lock,NYG,QB,"$6,000","$6,000",0
Matthew,Stafford,LAR,QB,"$7,100",-,-
Joe,Flacco,IND,QB,"$7,400","$7,200",+200
Aaron,Rodgers,NYJ,QB,"$6,900","$7,200",-300
Jordan,Love,GB,QB,"$8,700","$8,500",+200
Justin,Herbert,LAC,QB,"$7,000","$7,200",-200
Skylar,Thompson,MIA,QB,"$6,000",-,-
Kyle,Trask,TB,QB,"$6,000","$6,000",0
Jacob,Eason,GB,QB,"$6,000","$6,000",0
Jalen,Hurts,PHI,QB,"$8,500","$8,300",+200
Shane,Buechele,BUF,QB,"$6,000","$6,000",0
Tyler,Huntley,MIA,QB,"$6,700",-,-
Carson,Wentz,KC,QB,"$6,000",-,-
Ian,Book,KC,QB,"$6,000",-,-
Chris,Oladokun,KC,QB,"$6,000",-,-
Josh,Johnson,BAL,QB,"$6,000","$6,000",0
Luis,Perez,LAC,QB,"$6,000","$6,000",0
Brock,Purdy,SF,QB,"$7,700","$7,800",-100
Zack,Annexstad,TB,QB,"$6,000","$6,000",0
Hendon,Hooker,DET,QB,"$6,000","$6,000",0
Emory,Jones,BAL,QB,"$6,000","$6,000",0
Sean,Clifford,GB,QB,"$6,000","$6,000",0
Will,Levis,TEN,QB,"$6,600","$6,600",0
Ben,Bryant,NYJ,QB,"$6,000","$6,000",0
Desmond,Ridder,ARI,QB,"$6,000","$6,000",0
Tanner,Mordecai,SF,QB,"$6,000","$6,000",0
Jacob,Sirmon,CLE,QB,"$6,000","$6,000",0
Jake,Haener,NO,QB,"$6,000","$6,000",0
Sam,Hartman,WAS,QB,"$6,000","$6,000",0
Malik,Willis,GB,QB,"$6,000","$6,000",0
Chevan,Cordeiro,SEA,QB,"$6,000","$6,000",0
Matt,Corral,MIN,QB,"$6,000",-,-
Carter,Bradley,LV,QB,"$6,000","$6,000",0
John,Paddock,ATL,QB,"$6,000","$6,000",0
Tanner,McKee,PHI,QB,"$6,000","$6,000",0
Davis,Mills,HOU,QB,"$6,000","$6,000",0
Trevor,Lawrence,JAC,QB,"$7,000","$7,300",-300
Jaren,Hall,SEA,QB,"$6,000","$6,000",0
Zach,Wilson,DEN,QB,"$6,000","$6,000",0
Tua,Tagovailoa,MIA,QB,"$6,000",-,-
Mac,Jones,JAC,QB,"$6,000","$6,000",0
Clayton,Tune,ARI,QB,"$6,000","$6,000",0
Adrian,Martinez,NYJ,QB,"$6,000","$6,000",0
Milton,III,NE,QB,"$6,000","$6,000",0
Stetson,Bennett,LAR,QB,"$6,000",-,-
Justin,Fields,PIT,QB,"$7,300","$7,600",-300
Jake,Fromm,DET,QB,"$6,000","$6,000",0
Kenny,Pickett,PHI,QB,"$6,000","$6,000",0
Jason,Bean,IND,QB,"$6,000","$6,000",0
Sam,Ehlinger,IND,QB,"$6,000","$6,000",0
Rocky,Lombardi,CIN,QB,"$6,000","$6,000",0
Jordan,Travis,NYJ,QB,"$6,000","$6,000",0
Malik,Cunningham,BAL,QB,"$6,000","$6,000",0
Jack,Plummer,CAR,QB,"$6,000","$6,000",0
Devin,Leary,BAL,QB,"$6,000","$6,000",0
Andrew,Peasley,NYJ,QB,"$6,000","$6,000",0
Nathan,Rourke,ATL,QB,"$6,000","$6,000",0
Tommy,DeVito,NYG,QB,"$6,000","$6,000",0
